Designator,Footprint,Quantity,Value,LCSC Part #
R182,R_0805_2012Metric,1,1k,
IC13,SOP65P488X107-8N,1,PE4250MLI-Z,
IC12,SOP65P488X107-8N,1,PE4250MLI-Z,
IC11,SOP65P488X107-8N,1,PE4250MLI-Z,
IC10,SOP65P488X107-8N,1,PE4250MLI-Z,
J36,SMA_Amphenol_132134_Vertical,1,Conn_Coaxial,
J9,SMA_Amphenol_132134_Vertical,1,Conn_Coaxial,
H10,MountingHole_3mm_Pad_Via_Norelief,1,MountingHole_Pad,
H9,MountingHole_3mm_Pad_Via_Norelief,1,MountingHole_Pad,
R176,R_0805_2012Metric,1,dnp,
R3,R_0805_2012Metric,1,0,
R2,R_0805_2012Metric,1,dnp,
J41,PinHeader_2x03_P2.00mm_Vertical,1,Conn_02x03_Odd_Even,
H8,MountingHole_3.7mm_Pad_Via_Norelief,1,MountingHole_Pad,
J5,U.FL_Hirose_U.FL-R-SMT-1_Vertical,1,Conn_Coaxial,
J43,PinHeader_1x04_P2.54mm_Vertical,1,Conn_01x04,
J26,SJ13514SMTTR,1,SJ1-3514-SMT-TR,
IC2,SOP65P490X110-8N,1,TMUX7219DGKRQ1,
R179,R_0805_2012Metric_Pad1.20x1.40mm_HandSolder,1,100R,
JP21,SolderJumper-3_P1.3mm_Open_RoundedPad1.0x1.5mm,1,sjp,
IC5,TLP2366TPLE,1,"TLP2366_TPL,E",
C177,C_0805_2012Metric,1,0.1uF,
C176,C_0603_1608Metric_Pad1.08x0.95mm_HandSolder,1,47pF,
C110,C_1210_3225Metric,1,ECPU1C105MA5,
C76,C_0603_1608Metric_Pad1.08x0.95mm_HandSolder,1,dnp,
R85,R_0805_2012Metric,1,dnp,
JP13,SolderJumper-2_P1.3mm_Open_RoundedPad1.0x1.5mm,1,sjp,
R147,R_0805_2012Metric,1,4k7,
R161,R_0805_2012Metric,1,10,
R38,R_0603_1608Metric_Pad0.98x0.95mm_HandSolder,1,27,
C78,C_0805_2012Metric,1,1nF C0G,
C95,C_0603_1608Metric_Pad1.08x0.95mm_HandSolder,1,dnp,
L8,L_1008_2520Metric,1,FHW0805UCR47JGT,
R90,R_0805_2012Metric,1,PTFR0805B3K30N9,
IC1,SOIC127P600X175-8N,1,AD835ARZ,
J6,U.FL_Hirose_U.FL-R-SMT-1_Vertical,1,Clock_in,
C86,C_0603_1608Metric_Pad1.08x0.95mm_HandSolder,1,0.1uF,
R141,R_1206_3216Metric,1,2k2,
R107,R_0805_2012Metric,1,0,
R65,R_0805_2012Metric,1,dnp,
TP6,TestPoint_Pad_D1.0mm,1,tp,
R172,R_0603_1608Metric_Pad0.98x0.95mm_HandSolder,1,27,
JP8,SolderJumper-3_P1.3mm_Open_RoundedPad1.0x1.5mm,1,sjp,
R14,R_0805_2012Metric,1,150,
R93,R_0805_2012Metric,1,0R,
C117,C_0805_2012Metric,1,dnp,
C153,C_1206_3216Metric,1,4.7uF,
U16,RF_Attenuator_Susumu_PAT1220,1,PAT1220-C-6DB,
C170,CP_EIA-3528-15_AVX-H_Pad1.50x2.35mm_HandSolder,1,tant cap,
JP4,SolderJumper-2_P1.3mm_Open_RoundedPad1.0x1.5mm,1,sjp,
R134,R_0805_2012Metric,1,10k,
F1,Fuse_0603_1608Metric_Pad1.05x0.95mm_HandSolder,1,0467.375NRHF,
R125,R_0805_2012Metric,1,390,
R45,R_0805_2012Metric,1,150,
R46,R_0805_2012Metric,1,220,
JA4,MMCX_Molex_SMT_734152061_Vertical,1,MMCX,
R136,R_0805_2012Metric,1,10k,
R73,R_0603_1608Metric_Pad0.98x0.95mm_HandSolder,1,47,
R123,R_0805_2012Metric,1,560,
S_RESET1,SW_SPST_B3U-1000P,1,GT-TC032A-H015-L1,
F2,Fuse_0603_1608Metric_Pad1.05x0.95mm_HandSolder,1,0467.375NRHF,
J11,SMA_Amphenol_132134-10_Vertical,1,SMA,
Q1,SOT-23,1,MMBT3906,
R113,R_0805_2012Metric,1,1k,
C108,C_0805_2012Metric,1,0.1u,
C161,CP_Elec_10x10.5,1,OVK151M1VTR-1013,
C60,C_1206_3216Metric,1,1u,
C132,C_1206_3216Metric,1,4.7uF,
C89,C_0603_1608Metric_Pad1.08x0.95mm_HandSolder,1,0.1uF,
D10,D_SOD-323_HugePad,1,1N4148W,
C75,C_0805_2012Metric,1,2.2nF C0G,
J12,SMA_Amphenol_132134-10_Vertical,1,SMA,
C103,C_0805_2012Metric,1,1uF,
R43,R_0805_2012Metric,1,100,
R100,R_1206_3216Metric,1,1k8,
U24,VQFN-16-1EP_3x3mm_P0.5mm_EP1.68x1.68mm,1,THS4551xRGT,
C149,C_1206_3216Metric,1,dnp,
U15,RF_Attenuator_Susumu_PAT1220,1,PAT1220-C-6DB,
R53,R_0603_1608Metric_Pad0.98x0.95mm_HandSolder,1,27,
R138,R_0805_2012Metric,1,0R,
C96,C_0603_1608Metric_Pad1.08x0.95mm_HandSolder,1,dnp,
L11,L_Bourns-SRN6028,1,SWPA6028S180MT,
R92,R_0805_2012Metric,1,PTFR0805B3K30N9,
JP11,SolderJumper-2_P1.3mm_Bridged_RoundedPad1.0x1.5mm,1,sjp,
R167,R_0805_2012Metric,1,dnp,
JP17,SolderJumper-2_P1.3mm_Open_RoundedPad1.0x1.5mm,1,sjp,
L5,L_Taiyo-Yuden_MD-3030,1,SWPA3012S4R7MT,
R64,R_0805_2012Metric,1,dnp,
C42,C_1206_3216Metric,1,2.2uF,
IC15,SOP65P490X110-13N,1,LT3090EMSE#PBF,
C85,C_0603_1608Metric_Pad1.08x0.95mm_HandSolder,1,0.1uF,
Q8,TO-252-2,1,2SAR573,
R180,R_0805_2012Metric,1,dnp,
R9,R_0603_1608Metric_Pad0.98x0.95mm_HandSolder,1,27,
J8,PinHeader_1x08_P2.54mm_Vertical,1,Conn_01x08,
Q4,TO-252-2,1,2SAR573,
R40,R_0603_1608Metric_Pad0.98x0.95mm_HandSolder,1,27,
J35,21187222_RF_shield,1,RFShield_OnePiece,
J7,PinHeader_1x08_P2.54mm_Vertical,1,Conn_01x08,
C169,C_1206_3216Metric_Pad1.33x1.80mm_HandSolder,1,4.7uF,
R170,R_0603_1608Metric_Pad0.98x0.95mm_HandSolder,1,27,
C129,C_0603_1608Metric_Pad1.08x0.95mm_HandSolder,1,0.1uF,
C41,C_0805_2012Metric,1,0.1uF,
TP7,TestPoint_Pad_D1.0mm,1,tp,
C9,C_0603_1608Metric_Pad1.08x0.95mm_HandSolder,1,0.1uF,
C152,C_0805_2012Metric,1,0.1uF,
R181,R_1206_3216Metric,1,3k3,
R32,R_0603_1608Metric_Pad0.98x0.95mm_HandSolder,1,27,
H6,MountingHole_3.7mm_Pad_Via_Norelief,1,MountingHole_Pad,
Q3,TO-252-2,1,2SCR573,
C45,C_1210_3225Metric_Pad1.33x2.70mm_HandSolder,1,dnp,
C14,C_0603_1608Metric_Pad1.08x0.95mm_HandSolder,1,0.1uF,
C162,CP_EIA-3216-18_Kemet-A,1,tant 10u,
D5,D_SOD-323_HugePad,1,1N4148W,
C151,C_1206_3216Metric,1,1uF,
L1,L_Bourns-SRN6028,1,SWPA6028S180MT,
J28,U.FL_Hirose_U.FL-R-SMT-1_Vertical,1,Conn_Coaxial,
R140,R_0805_2012Metric,1,0,
R51,R_0805_2012Metric,1,0,
C59,C_1206_3216Metric,1,1u,
JP15,SolderJumper-2_P1.3mm_Open_RoundedPad1.0x1.5mm,1,sjp,
R15,R_0805_2012Metric,1,270,
C66,CP_EIA-3528-12_Kemet-T,1,TAJA106K016RNJ,
R173,R_0603_1608Metric_Pad0.98x0.95mm_HandSolder,1,27,
C70,C_0805_2012Metric,1,0.1uF,
C160,C_0603_1608Metric_Pad1.08x0.95mm_HandSolder,1,0.1uF,
J1,MICRO-USB-SMD_U254-051T-4BH83-S1S,1,U254-051T-4BH83-S1S,
C93,C_0603_1608Metric_Pad1.08x0.95mm_HandSolder,1,0.1uF,
R36,R_0603_1608Metric_Pad0.98x0.95mm_HandSolder,1,27,
R34,R_0603_1608Metric_Pad0.98x0.95mm_HandSolder,1,27,
C126,C_0603_1608Metric_Pad1.08x0.95mm_HandSolder,1,0.1uF,
C112,CP_EIA-3528-12_Kemet-T,1,C_Polarized,
FB1,L_0805_2012Metric_Pad1.15x1.40mm_HandSolder,1,GZ2012D601TF,
R132,R_0805_2012Metric,1,10k,
TP11,TestPoint_Pad_D1.0mm,1,tp,
C80,C_0603_1608Metric_Pad1.08x0.95mm_HandSolder,1,0.1uF,
TP2,TestPoint_Pad_D1.0mm,1,tp,
R127,R_0805_2012Metric,1,1k,
R13,R_0805_2012Metric,1,33,
R49,R_0805_2012Metric,1,1.5k,
Q5,SOT-23,1,MMBT3906,
JP5,SolderJumper-3_P1.3mm_Open_RoundedPad1.0x1.5mm,1,sjp,
C33,C_0805_2012Metric,1,0.1u,
R31,R_0603_1608Metric_Pad0.98x0.95mm_HandSolder,1,27,
R50,R_0805_2012Metric,1,dnp,
J15,U.FL_Hirose_U.FL-R-SMT-1_Vertical,1,u.fl,
J32,SMA_Amphenol_132134-10_Vertical,1,SMA,
C165,CP_EIA-3216-18_Kemet-A,1,tant 10u,
R116,R_0805_2012Metric,1,dnp,
R77,R_0603_1608Metric_Pad0.98x0.95mm_HandSolder,1,47,
R111,R_0805_2012Metric,1,390,
C142,C_0805_2012Metric,1,0.1uF,
C141,C_0805_2012Metric,1,0.1uF,
C32,C_1206_3216Metric,1,1u,
U14,SOT-89-3,1,PHA-13LN,
JP19,SolderJumper-3_P1.3mm_Open_RoundedPad1.0x1.5mm,1,sjp,
R81,R_0603_1608Metric_Pad0.98x0.95mm_HandSolder,1,10k,
L7,L_Taiyo-Yuden_MD-3030,1,SWPA3012S4R7MT,
R160,R_0805_2012Metric,1,10,
C6,C_0603_1608Metric_Pad1.08x0.95mm_HandSolder,1,X7R 0.1u,
R145,R_0805_2012Metric,1,56k,
J2,MICRO-USB-SMD_U254-051T-4BH83-S1S,1,U254-051T-4BH83-S1S,
C87,C_0603_1608Metric_Pad1.08x0.95mm_HandSolder,1,0.1uF,
C35,C_0603_1608Metric_Pad1.08x0.95mm_HandSolder,1,0.1u,
JP10,SolderJumper-2_P1.3mm_Open_RoundedPad1.0x1.5mm,1,sjp,
H4,MountingHole_3.7mm_Pad_Via_Norelief,1,MountingHole_Pad,
U10,SOIC-8_3.9x4.9mm_P1.27mm,1,ADA4841-2,
C102,C_0603_1608Metric_Pad1.08x0.95mm_HandSolder,1,0.1uF,
Q7,TO-252-2,1,2SCR573,
U13,SOIC-8_3.9x4.9mm_P1.27mm,1,THS4281,
R20,R_0603_1608Metric_Pad0.98x0.95mm_HandSolder,1,10k,
R154,R_0603_1608Metric_Pad0.98x0.95mm_HandSolder,1,27,
C21,C_0603_1608Metric_Pad1.08x0.95mm_HandSolder,1,0.1uF,
R28,R_0603_1608Metric_Pad0.98x0.95mm_HandSolder,1,27,
JP1,PinHeader_1x03_P2.00mm_Vertical,1,Jumper_3_Open,
C52,C_1206_3216Metric,1,1u,
T2,MABA007532CF18A0,1,MABA-007532-CF18A0,
R104,R_0805_2012Metric,1,dnp,
R150,R_0805_2012Metric,1,330,
J21,PinHeader_2x03_P2.54mm_Vertical_SMD,1,B-2100N06P-B111,
C118,C_0805_2012Metric,1,0.1u,
U22,SOIC-8_3.9x4.9mm_P1.27mm,1,OPA388,
C115,CP_EIA-3528-12_Kemet-T,1,TAJA106K016RNJ,
R87,R_0805_2012Metric,1,0,
J23,SMA_Amphenol_132134_Vertical,1,Conn_Coaxial,
C172,C_0603_1608Metric_Pad1.08x0.95mm_HandSolder,1,47pF,
R1,R_0603_1608Metric_Pad0.98x0.95mm_HandSolder,1,10k,
U7,SOIC-8_3.9x4.9mm_P1.27mm,1,ADA4075-2,
R57,R_0805_2012Metric,1,10k,
Q6,SOT-23,1,mmbt3904,
C29,C_0603_1608Metric_Pad1.08x0.95mm_HandSolder,1,X7R 0.1u,
R80,R_0603_1608Metric_Pad0.98x0.95mm_HandSolder,1,220,
IC9,SOP65P490X110-8N,1,LTC6655BHMS8-4.096#PBF,
R79,R_0603_1608Metric_Pad0.98x0.95mm_HandSolder,1,47,
D6,LED_0805_2012Metric_Pad1.15x1.40mm_HandSolder,1,NCD0805R1,
R37,R_0603_1608Metric_Pad0.98x0.95mm_HandSolder,1,27,
R4,R_0603_1608Metric_Pad0.98x0.95mm_HandSolder,1,27,
C28,C_0805_2012Metric,1,0.1uF,
C136,C_0805_2012Metric,1,0.1uF,
C64,C_0603_1608Metric_Pad1.08x0.95mm_HandSolder,1,0.1uF,
R39,R_0603_1608Metric_Pad0.98x0.95mm_HandSolder,1,27,
C82,C_0805_2012Metric,1,0.1uF,
R131,R_0805_2012Metric,1,1k,
C71,C_0805_2012Metric,1,0.1uF,
R178,R_0805_2012Metric,1,1k,
C131,C_1206_3216Metric,1,4.7uF,
TP5,TestPoint_Pad_D1.0mm,1,tp,
D7,LED_0805_2012Metric_Pad1.15x1.40mm_HandSolder,1,NCD0805R1,
C39,C_0603_1608Metric_Pad1.08x0.95mm_HandSolder,1,X7R 0.1u,
C3,C_0603_1608Metric_Pad1.08x0.95mm_HandSolder,1,10p,
C144,C_0805_2012Metric,1,0.1uF,
R129,R_0805_2012Metric,1,10,
R164,R_1206_3216Metric,1,2k2,
R171,R_0603_1608Metric_Pad0.98x0.95mm_HandSolder,1,27,
C10,C_0805_2012Metric,1,1uF,
IC8,SOP50P490X110-10N,1,ADS8863IDGS,
R52,R_0805_2012Metric,1,dnp,
C73,C_0805_2012Metric,1,0.1uF,
RV1,Potentiometer_Bourns_3224W_Vertical,1,dnp,
R29,R_0603_1608Metric_Pad0.98x0.95mm_HandSolder,1,27,
J14,21187222_RF_shield,1,RFShield_OnePiece,
R30,R_0603_1608Metric_Pad0.98x0.95mm_HandSolder,1,27,
C164,C_0805_2012Metric_Pad1.18x1.45mm_HandSolder,1,0.1uF,
C97,C_0805_2012Metric,1,1nF C0G,
R35,R_0603_1608Metric_Pad0.98x0.95mm_HandSolder,1,27,
R56,R_0603_1608Metric_Pad0.98x0.95mm_HandSolder,1,27,
D8,D_SOD-323_HugePad,1,1N4148W,
R91,R_0805_2012Metric,1,PTFR0805B3K30N9,
R153,R_0805_2012Metric,1,0,
C135,C_0805_2012Metric,1,0.1uF,
C157,CP_EIA-3528-15_AVX-H,1,tant 10uF,
J17,SMA_Amphenol_132134-10_Vertical,1,SMA,
C61,C_0805_2012Metric,1,1uF,
R99,R_0805_2012Metric,1,150,
R148,R_0805_2012Metric,1,0,
R159,R_0805_2012Metric,1,PTFR0805B390RN9,
R84,R_0805_2012Metric,1,0,
C92,C_0603_1608Metric_Pad1.08x0.95mm_HandSolder,1,0.1uF,
R12,R_0805_2012Metric,1,0,
C65,C_0805_2012Metric,1,dnp,
J16,SMA_Amphenol_132134_Vertical,1,Conn_Coaxial,
JC4,U.FL_Hirose_U.FL-R-SMT-1_Vertical,1,U.FL,
C63,C_0805_2012Metric,1,1uF,
C69,C_0603_1608Metric,1,22p,
C2,C_0603_1608Metric_Pad1.08x0.95mm_HandSolder,1,X7R 0.1u,
C145,C_0805_2012Metric,1,0.1uF,
TP4,TestPoint_Pad_D1.0mm,1,tp,
C27,C_0603_1608Metric_Pad1.08x0.95mm_HandSolder,1,0.1uF,
C47,C_1206_3216Metric,1,1uF,
R10,R_0603_1608Metric_Pad0.98x0.95mm_HandSolder,1,27,
C166,C_0805_2012Metric,1,x7r 1u,
C53,C_0805_2012Metric,1,0.1u,
R109,R_0805_2012Metric,1,560,
J40,PinHeader_2x03_P2.54mm_Vertical_SMD,1,B-2100N06P-B111,
C30,C_0805_2012Metric,1,150p,
J29,PinHeader_1x04_P2.54mm_Vertical,1,Conn_01x04,
R162,R_0805_2012Metric,1,0R,
C67,CP_EIA-3528-12_Kemet-T,1,TAJA106K016RNJ,
R155,R_0603_1608Metric_Pad0.98x0.95mm_HandSolder,1,27,
R6,R_0603_1608Metric_Pad0.98x0.95mm_HandSolder,1,27,
R17,R_0603_1608Metric_Pad0.98x0.95mm_HandSolder,1,27,
C84,C_0805_2012Metric,1,1uF,
J24,SMA_Amphenol_132134_Vertical,1,Conn_Coaxial,
L2,L_Bourns-SRN6028,1,SWPA6028S180MT,
C137,CP_Elec_10x10.5,1,OVK151M1VTR-1013,
U1,LQFP-64_10x10mm_P0.5mm,1,CH32V307RCT6,
R112,R_0805_2012Metric,1,1k,
C121,C_1206_3216Metric,1,1u,
Y1,Crystal_SMD_SeikoEpson_TSX3225-4Pin_3.2x2.5mm,1,X32258MOB4SI,
J13,21187222_RF_shield,1,RFShield_OnePiece,
C124,C_0603_1608Metric_Pad1.08x0.95mm_HandSolder,1,0.1u,
C57,C_0805_2012Metric,1,150p,
U23,VQFN-16-1EP_3x3mm_P0.5mm_EP1.68x1.68mm,1,THS4551xRGT,
JP16,SolderJumper-2_P1.3mm_Open_RoundedPad1.0x1.5mm,1,sjp,
R62,R_0805_2012Metric,1,0,
C77,C_0603_1608Metric_Pad1.08x0.95mm_HandSolder,1,dnp,
C134,C_1206_3216Metric,1,1uF,
R8,R_0603_1608Metric_Pad0.98x0.95mm_HandSolder,1,27,
R86,R_0805_2012Metric,1,150,
R5,R_0603_1608Metric_Pad0.98x0.95mm_HandSolder,1,27,
J22,PinHeader_1x06_P2.54mm_Vertical,1,mux,
R26,R_0603_1608Metric_Pad0.98x0.95mm_HandSolder,1,27,
C105,C_1210_3225Metric,1,ECPU1C105MA5,
C24,C_0603_1608Metric_Pad1.08x0.95mm_HandSolder,1,0.1uF,
U9,SOIC-14_3.9x8.7mm_P1.27mm,1,74HC04,
C83,C_0603_1608Metric_Pad1.08x0.95mm_HandSolder,1,0.1uF,
C18,C_0805_2012Metric,1,dnp,
J3,SMA_Amphenol_132134_Vertical,1,Conn_Coaxial,
H7,MountingHole_3.7mm_Pad_Via_Norelief,1,MountingHole_Pad,
R122,R_0805_2012Metric,1,0,
C55,C_0603_1608Metric_Pad1.08x0.95mm_HandSolder,1,0.1u,
C79,C_0805_2012Metric,1,1nF C0G,
R102,R_0805_2012Metric,1,PTFR0805B390RN9,
R70,R_0603_1608Metric_Pad0.98x0.95mm_HandSolder,1,1.5k,
J27,U.FL_Hirose_U.FL-R-SMT-1_Vertical,1,Conn_Coaxial,
C46,C_0805_2012Metric,1,0.1uF,
R146,R_0805_2012Metric,1,100k,
C158,C_0603_1608Metric_Pad1.08x0.95mm_HandSolder,1,0.1uF,
R18,R_0603_1608Metric_Pad0.98x0.95mm_HandSolder,1,4k7,
R168,R_0805_2012Metric,1,dnp,
R7,R_0603_1608Metric_Pad0.98x0.95mm_HandSolder,1,27,
C7,C_0603_1608Metric_Pad1.08x0.95mm_HandSolder,1,10n,
C43,C_1206_3216Metric,1,1uF,
R22,R_0603_1608Metric_Pad0.98x0.95mm_HandSolder,1,10k,
C22,C_0805_2012Metric,1,dnp,
JC1,MMCX_Molex_SMT_734152061_Vertical,1,MMCX,
L6,L_1008_2520Metric,1,FHW1008UCR47JGT,
R130,R_0805_2012Metric,1,10,
R83,R_0603_1608Metric_Pad0.98x0.95mm_HandSolder,1,10k,
C13,C_0805_2012Metric,1,22p,
TP9,TestPoint_Pad_D1.0mm,1,tp,
D1,D_SOD-123,1,B5819W,
D9,D_SOD-323_HugePad,1,1N4148W,
U17,RF_Attenuator_Susumu_PAT1220,1,PAT1220-C-8DB,
R135,R_0805_2012Metric,1,1k,
R44,R_0805_2012Metric,1,470,
R60,R_0805_2012Metric,1,1.5k,
C143,C_0805_2012Metric,1,0.1uF,
C11,C_0805_2012Metric,1,100p,
J18,U.FL_Hirose_U.FL-R-SMT-1_Vertical,1,u.fl,
JP7,SolderJumper-3_P1.3mm_Open_RoundedPad1.0x1.5mm,1,sjp,
R69,R_0603_1608Metric_Pad0.98x0.95mm_HandSolder,1,150,
L10,L_1008_2520Metric,1,FHW1008UCR47JGT,
R58,R_0805_2012Metric,1,10k,
R114,R_0805_2012Metric,1,10,
IC6,SOP50P490X110-10N,1,ADS8863IDGS,
R137,R_0805_2012Metric,1,0,
Q2,SOT-23,1,mmbt3904,
C150,C_0805_2012Metric,1,0.1uF,
C100,C_0805_2012Metric,1,10nF C0G,
J30,PinHeader_1x06_P2.54mm_Vertical,1,Conn_01x06,
JA1,MMCX_Molex_SMT_734152061_Vertical,1,MMCX,
JC0,MMCX_Molex_SMT_734152061_Vertical,1,MMCX,
C127,C_0603_1608Metric_Pad1.08x0.95mm_HandSolder,1,0.1uF,
C20,C_1210_3225Metric,1,ECPU1C105MA5,
C147,C_1210_3225Metric,1,ECPU1C105MA5,
R25,R_0603_1608Metric_Pad0.98x0.95mm_HandSolder,1,27,
IC3,SOT95P280X100-5N,1,ADP7118AUJZ-3.3-R7,
D2,D_SOD-123,1,B5819W,
R27,R_0603_1608Metric_Pad0.98x0.95mm_HandSolder,1,27,
R118,R_0805_2012Metric,1,100,
D15,D_SOD-323_HugePad,1,1N4148W,
D13,D_SOD-123F,1,B5819W SL,
C17,C_0805_2012Metric,1,4.7n,
C119,CP_EIA-3528-12_Kemet-T,1,C_Polarized,
C8,C_0805_2012Metric,1,22p,
R66,R_0603_1608Metric_Pad0.98x0.95mm_HandSolder,1,560,
C54,C_1206_3216Metric,1,1u,
U27,SOT-223-3_TabPin2,1,AMS1117-3.3,
H2,MountingHole_3.7mm_Pad_Via_Norelief,1,MountingHole_Pad,
R42,R_0805_2012Metric,1,220,
C68,C_0805_2012Metric,1,dnp 100p,
C140,C_0603_1608Metric,1,22p,
C48,C_1206_3216Metric,1,2.2uF,
R23,R_0603_1608Metric_Pad0.98x0.95mm_HandSolder,1,27,
C171,C_0603_1608Metric_Pad1.08x0.95mm_HandSolder,1,X7R 0.1u,
J37,PinHeader_1x16_P2.54mm_Vertical,1,Conn_01x16,
R48,R_0805_2012Metric,1,dnp,
R115,R_0805_2012Metric,1,10,
R54,R_0603_1608Metric_Pad0.98x0.95mm_HandSolder,1,27,
C113,C_0805_2012Metric,1,0.1u,
R24,R_0603_1608Metric_Pad0.98x0.95mm_HandSolder,1,27,
C16,C_0805_2012Metric,1,1uF,
C88,C_0603_1608Metric_Pad1.08x0.95mm_HandSolder,1,0.1uF,
R152,R_0805_2012Metric,1,0,
R95,R_0805_2012Metric,1,100,
R75,R_0603_1608Metric_Pad0.98x0.95mm_HandSolder,1,47,
R149,R_0805_2012Metric,1,150,
U11,SOIC-8_3.9x4.9mm_P1.27mm,1,OPA388,
C12,C_0603_1608Metric_Pad1.08x0.95mm_HandSolder,1,10n,
JP2,SolderJumper-2_P1.3mm_Open_RoundedPad1.0x1.5mm,1,sjp,
R157,R_1206_3216Metric,1,2k2,
R96,R_0805_2012Metric,1,270,
IC4,TLP2366TPLE,1,"TLP2366_TPL,E",
C56,C_1206_3216Metric,1,1u,
R177,R_0805_2012Metric_Pad1.20x1.40mm_HandSolder,1,100R,
R94,R_0805_2012Metric,1,33,
J19,U.FL_Hirose_U.FL-R-SMT-1_Vertical,1,u.fl,
L4,L_1008_2520Metric,1,FHW1008UCR47JGT,
R11,R_0805_2012Metric,1,0805W8F2204T5E,
R16,R_0603_1608Metric_Pad0.98x0.95mm_HandSolder,1,4k7,
R33,R_0603_1608Metric_Pad0.98x0.95mm_HandSolder,1,27,
R55,R_0603_1608Metric_Pad0.98x0.95mm_HandSolder,1,27,
R67,R_0603_1608Metric_Pad0.98x0.95mm_HandSolder,1,220,
JP3,SolderJumper-2_P1.3mm_Open_RoundedPad1.0x1.5mm,1,sjp,
J33,PinHeader_1x04_P2.54mm_Vertical,1,Conn_01x04,
R103,R_0805_2012Metric,1,PTFR0805B390RN9,
R82,R_0603_1608Metric_Pad0.98x0.95mm_HandSolder,1,10k,
R128,R_0805_2012Metric,1,1k,
U3,SOT-89-3,1,PHA-13LN,
C34,C_1206_3216Metric,1,1u,
C31,C_0805_2012Metric,1,150p,
R151,R_0805_2012Metric,1,0,
R165,R_0805_2012Metric,1,0805W8F1004T5E,
C148,C_1206_3216Metric,1,dnp,
R41,R_0603_1608Metric_Pad0.98x0.95mm_HandSolder,1,27,
R19,R_0603_1608Metric_Pad0.98x0.95mm_HandSolder,1,4k7,
C25,C_0805_2012Metric,1,x7r 1u,
R119,R_0805_2012Metric,1,100,
R124,R_0805_2012Metric,1,560,
R144,R_0805_2012Metric,1,470k,
J25,PinHeader_1x04_P2.54mm_Vertical,1,Conn_01x04,
C91,C_0805_2012Metric,1,100pF,
C36,C_1206_3216Metric,1,1u,
R21,R_0603_1608Metric_Pad0.98x0.95mm_HandSolder,1,10k,
R117,R_0805_2012Metric,1,dnp,
C15,C_0805_2012Metric,1,4.7n,
R61,R_0805_2012Metric,1,dnp,
H1,MountingHole_3.7mm_Pad_Via_Norelief,1,MountingHole_Pad,
JP9,SolderJumper-2_P1.3mm_Open_RoundedPad1.0x1.5mm,1,sjp,
D3,D_SMA,1,SS210,
L9,L_Taiyo-Yuden_MD-3030,1,SWPA3012S4R7MT,
J20,PinHeader_2x03_P2.54mm_Vertical_SMD,1,B-2100N06P-B111,
R120,R_0805_2012Metric,1,10,
R110,R_0805_2012Metric,1,390,
C104,C_0603_1608Metric_Pad1.08x0.95mm_HandSolder,1,0.1uF,
R101,R_0805_2012Metric,1,1k8,
U19,RF_Attenuator_Susumu_PAT1220,1,PAT1220-C-8DB,
JP12,SolderJumper-2_P1.3mm_Open_RoundedPad1.0x1.5mm,1,sjp,
C138,CP_Elec_10x10.5,1,OVK151M1VTR-1013,
R98,R_1206_3216Metric,1,1k8,
U12,SOIC-8_3.9x4.9mm_P1.27mm,1,ADR421ARZ,
S_BOOT1,SW_SPST_B3U-1000P,1,GT-TC032A-H015-L1,
R158,R_0805_2012Metric,1,PTFR0805B390RN9,
R68,R_0603_1608Metric_Pad0.98x0.95mm_HandSolder,1,1.5k,
U6,MSOP-8_3x3mm_P0.65mm,1,ADG1419BRM,
U4,SOIC-16_3.9x9.9mm_P1.27mm,1,74HC4051M/TR,
C51,C_0805_2012Metric,1,0.1uF,
C74,C_0805_2012Metric,1,dnp,
C107,C_1210_3225Metric,1,ECPU1C105MA5,
R156,R_0603_1608Metric_Pad0.98x0.95mm_HandSolder,1,27,
C139,C_0805_2012Metric,1,dnp 100p,
R89,R_0805_2012Metric,1,0R,
R142,R_0805_2012Metric,1,1k8,
C23,C_0603_1608Metric_Pad1.08x0.95mm_HandSolder,1,0.1uF,
R133,R_0805_2012Metric,1,10k,
C106,CP_EIA-3528-12_Kemet-T,1,C_Polarized,
C90,C_0805_2012Metric,1,100pF,
C5,C_0603_1608Metric_Pad1.08x0.95mm_HandSolder,1,10p,
U21,SOIC-14_3.9x8.7mm_P1.27mm,1,MAX5719xSD,
D12,D_SOD-323_HugePad,1,1N4148W,
C123,C_1206_3216Metric,1,1u,
C122,C_0805_2012Metric,1,0.1u,
C146,C_0805_2012Metric,1,0.1uF,
TP1,TestPoint_Pad_D1.0mm,1,tp,
H5,MountingHole_3.7mm_Pad_Via_Norelief,1,MountingHole_Pad,
TP3,TestPoint_Pad_D1.0mm,1,tp,
C174,CP_Elec_6.3x7.7,1,OVK101M1ETR-0608,
C40,C_1206_3216Metric,1,2.2uF,
U26,DFN-8-1EP_3x3mm_P0.5mm_EP1.66x2.38mm,1,LT3080xDD,
H3,MountingHole_3.7mm_Pad_Via_Norelief,1,MountingHole_Pad,
C50,C_1206_3216Metric,1,4.7uF,
J10,PinHeader_2x03_P2.54mm_Vertical_SMD,1,B-2100N06P-B111,
C173,C_0805_2012Metric,1,0.1uF,
C154,C_1206_3216Metric,1,1uF,
C168,C_1206_3216Metric_Pad1.33x1.80mm_HandSolder,1,dnp,
C128,C_0603_1608Metric_Pad1.08x0.95mm_HandSolder,1,0.1uF,
C159,C_1210_3225Metric,1,ECPU1C105MA5,
C72,C_0805_2012Metric,1,0.1uF,
J38,PinHeader_1x16_P2.54mm_Vertical,1,Conn_01x16,
D17,D_SOD-123F,1,B5819W SL,
C114,C_0805_2012Metric,1,0.1u,
R163,R_1206_3216Metric,1,2k2,
C120,CP_EIA-3528-15_AVX-H,1,tant 10uF,
J39,PinHeader_2x03_P2.54mm_Vertical_SMD,1,B-2100N06P-B111,
C62,C_0603_1608Metric_Pad1.08x0.95mm_HandSolder,1,0.1uF,
D16,D_SMA,1,SS210,
D14,D_SOD-123F,1,B5819W SL,
U20,RF_Attenuator_Susumu_PAT1220,1,PAT1220-C-8DB,
U18,SOIC-14_3.9x8.7mm_P1.27mm,1,74HC04,
R59,R_0805_2012Metric,1,100,
C49,C_1206_3216Metric,1,4.7uF,
R63,R_0805_2012Metric,1,dnp,
J34,PinHeader_1x03_P2.54mm_Vertical,1,Conn_01x03,
C101,CP_EIA-3528-15_AVX-H,1,tant 10uF,
C130,C_0805_2012Metric,1,0.1uF,
C125,C_1206_3216Metric,1,1u,
C1,C_0603_1608Metric_Pad1.08x0.95mm_HandSolder,1,10p,
JA0,MMCX_Molex_SMT_734152061_Vertical,1,MMCX,
R121,R_0805_2012Metric,1,10,
TP14,TestPoint_Pad_D1.0mm,1,tp,
C26,C_0603_1608Metric_Pad1.08x0.95mm_HandSolder,1,0.1uF,
JP6,SolderJumper-3_P1.3mm_Open_RoundedPad1.0x1.5mm,1,sjp,
U8,SOIC-14_3.9x8.7mm_P1.27mm,1,MAX5719xSD,
R47,R_0805_2012Metric,1,100,
C155,CP_EIA-3528-15_AVX-H,1,tant 10uF,
C163,C_1206_3216Metric_Pad1.33x1.80mm_HandSolder,1,4.7uF,
R143,R_0805_2012Metric,1,15k,
D4,D_SOD-323_HugePad,1,1N4148W,
R126,R_0805_2012Metric,1,390,
C38,C_0603_1608Metric_Pad1.08x0.95mm_HandSolder,1,X7R 0.1u,
T1,MABA007532CF18A0,1,MABA-007532-CF18A0,
U2,SOT-89-3,1,PHA-13LN,
R174,R_0603_1608Metric_Pad0.98x0.95mm_HandSolder,1,27,
JC5,U.FL_Hirose_U.FL-R-SMT-1_Vertical,1,U.FL,
C44,C_0805_2012Metric,1,0.1uF,
R175,R_0603_1608Metric_Pad0.98x0.95mm_HandSolder,1,4k7,
C111,C_0603_1608Metric_Pad1.08x0.95mm_HandSolder,1,0.1uF,
C4,C_0603_1608Metric_Pad1.08x0.95mm_HandSolder,1,10p,
C116,CP_EIA-3528-12_Kemet-T,1,C_Polarized,
D11,D_SOD-323_HugePad,1,1N4148W,
R108,R_0805_2012Metric,1,560,
C109,C_0603_1608Metric_Pad1.08x0.95mm_HandSolder,1,0.1uF,
C37,C_0603_1608Metric_Pad1.08x0.95mm_HandSolder,1,X7R 0.1u,
C98,C_0805_2012Metric,1,1nF C0G,
R97,R_0805_2012Metric,1,0,
J4,U.FL_Hirose_U.FL-R-SMT-1_Vertical,1,Conn_Coaxial,
R169,R_0603_1608Metric_Pad0.98x0.95mm_HandSolder,1,27,
J31,PinHeader_1x02_P2.54mm_Vertical,1,Conn_01x02,
C81,C_0805_2012Metric,1,10nF C0G,
R106,R_0805_2012Metric,1,10,
C167,C_0805_2012Metric_Pad1.18x1.45mm_HandSolder,1,10n,
C156,C_1206_3216Metric,1,4.7uF,
L3,L_1008_2520Metric,1,FHW0805UCR47JGT,
C58,C_0805_2012Metric,1,150p,
R166,R_0805_2012Metric,1,270,
C94,C_0805_2012Metric,1,2.2nF C0G,
C133,C_1206_3216Metric,1,1uF,
R105,R_0805_2012Metric,1,10,
L12,L_Bourns-SRN6028,1,SWPA6028S180MT,
C19,C_0805_2012Metric,1,dnp,
JP14,SolderJumper-2_P1.3mm_Open_RoundedPad1.0x1.5mm,1,sjp,
R88,R_0805_2012Metric,1,dnp,
C175,CP_Elec_6.3x7.7,1,OVK101M1ETR-0608,
JP20,SolderJumper-2_P1.3mm_Open_RoundedPad1.0x1.5mm,1,sjp,
R139,R_0805_2012Metric,1,1.5k,
C99,C_0603_1608Metric_Pad1.08x0.95mm_HandSolder,1,0.1uF,
U25,DFN-8-1EP_3x3mm_P0.5mm_EP1.66x2.38mm,1,LT3080xDD,
U5,SOIC-8_3.9x4.9mm_P1.27mm,1,ADA4075-2,
JC2,U.FL_Hirose_U.FL-R-SMT-1_Vertical,1,U.FL,
JA3,U.FL_Hirose_U.FL-R-SMT-1_Vertical,1,U.FL,
R72,R_0603_1608Metric_Pad0.98x0.95mm_HandSolder,1,dnp,
R78,R_0603_1608Metric_Pad0.98x0.95mm_HandSolder,1,dnp,
R74,R_0603_1608Metric_Pad0.98x0.95mm_HandSolder,1,dnp,
JP18,SolderJumper-3_P1.3mm_Open_RoundedPad1.0x1.5mm,1,sjp,
JC3,U.FL_Hirose_U.FL-R-SMT-1_Vertical,1,U.FL,
R76,R_0603_1608Metric_Pad0.98x0.95mm_HandSolder,1,dnp,
JA2,U.FL_Hirose_U.FL-R-SMT-1_Vertical,1,U.FL,
R71,R_0603_1608Metric_Pad0.98x0.95mm_HandSolder,1,47,
